Residue_ID,Residue_Type,C_Shift,CA_Shift,CB_Shift,Secondary_Structure
0,MET,,,,C
1,LYS,176.49,56.95,30.66,C
2,SER,176.7,63.3,31.81,C
3,PRO,176.41,54.52,40.7,C
4,GLU,175.49,58.25,39.95,C
5,GLU,174.78,57.43,34.15,H
6,LEU,176.97,55.65,42.37,H
7,LYS,,,,H
8,GLY,176.7,63.3,31.81,H
9,ILE,176.7,63.3,31.81,H
10,PHE,175.39,58.02,39.16,H
11,GLU,174.6,62.15,69.64,C
12,LYS,174.04,45.33,,H
13,TYR,176.7,63.3,31.81,H
14,ALA,174.78,57.43,34.15,H
15,ASP,176.46,56.84,32.83,H
16,LYS,177.8,53.16,18.9,H
17,GLU,176.49,56.95,30.66,H
18,GLY,175.82,61.59,38.58,H
19,ASP,175.82,61.59,38.58,C
20,GLY,176.49,56.95,30.66,C
21,ASN,175.39,58.02,39.16,C
22,GLN,175.49,58.25,39.95,E
23,LEU,175.39,58.02,39.16,E
24,SER,175.16,53.43,38.66,E
25,LYS,177.8,53.16,18.9,C
26,GLU,176.46,56.84,32.83,C
27,GLU,177.8,53.16,18.9,C
28,LEU,174.04,45.33,,H
29,LYS,176.97,55.65,42.37,H
30,LEU,174.78,57.43,34.15,H
31,LEU,176.39,56.62,29.1,H
32,LEU,174.6,62.15,69.64,H
33,GLN,175.49,58.25,39.95,H
34,THR,175.69,62.48,32.66,H
35,GLU,175.39,58.02,39.16,H
36,PHE,174.04,45.33,,H
37,PRO,174.04,45.33,,H
38,SER,174.78,57.43,34.15,H
39,LEU,176.49,56.95,30.66,H
40,LEU,177.8,53.16,18.9,H
41,LYS,176.46,56.84,32.83,C
42,GLY,176.49,56.95,30.66,C
43,MET,175.16,53.43,38.66,C
44,SER,175.16,53.43,38.66,C
45,THR,175.49,58.25,39.95,C
46,LEU,176.46,56.84,32.83,C
47,ASP,174.53,58.57,63.8,H
48,GLU,177.8,53.16,18.9,H
49,LEU,176.93,57.42,30.07,H
50,PHE,176.41,54.52,40.7,H
51,GLU,174.78,57.43,34.15,H
52,GLU,176.3,56.16,32.9,H
53,LEU,176.49,56.95,30.66,C
54,ASP,174.6,62.15,69.64,C
55,LYS,174.78,57.43,34.15,C
56,ASN,174.04,45.33,,C
57,GLY,174.04,45.33,,C
58,ASP,177.8,53.16,18.9,C
59,GLY,,,,C
60,GLU,,,,E
61,VAL,,,,E
62,SER,,,,E
63,PHE,,,,C
64,GLU,,,,C
65,GLU,,,,C
66,PHE,,,,H
67,GLN,,,,H
68,VAL,,,,H
69,LEU,,,,H
70,VAL,,,,H
71,LYS,,,,H
72,LYS,,,,C
73,ILE,,,,C
74,SER,,,,C
75,GLN,,,,C
